{
  "$schema": "https://json.schemastore.org/nest-cli",
  "collection": "@nestjs/schematics",
  "sourceRoot": "apps/booking/src",
  "monorepo": true,
  "root": "apps/booking",
  "compilerOptions": {
    "webpack": true,
    "tsConfigPath": "apps/booking/tsconfig.app.json"
  },
  "projects": {
    "booking": {
      "type": "application",
      "root": "apps/booking",
      "entryFile": "main",
      "sourceRoot": "apps/booking/src",
      "compilerOptions": {
        "tsConfigPath": "apps/booking/tsconfig.app.json"
      }
    },
    "users": {
      "type": "application",
      "root": "apps/users",
      "entryFile": "main",
      "sourceRoot": "apps/users/src",
      "compilerOptions": {
        "tsConfigPath": "apps/users/tsconfig.app.json"
      }
    },
    "auth": {
      "type": "application",
      "root": "apps/auth",
      "entryFile": "main",
      "sourceRoot": "apps/auth/src",
      "compilerOptions": {
        "tsConfigPath": "apps/auth/tsconfig.app.json"
      }
    },
    "common": {
      "type": "library",
      "root": "libs/common",
      "entryFile": "index",
      "sourceRoot": "libs/common/src",
      "compilerOptions": {
        "tsConfigPath": "libs/common/tsconfig.lib.json"
      }
    },
    "shops": {
      "type": "application",
      "root": "apps/shops",
      "entryFile": "main",
      "sourceRoot": "apps/shops/src",
      "compilerOptions": {
        "tsConfigPath": "apps/shops/tsconfig.app.json"
      }
    }
  }
}